{"cameraMode":{"drawMode":0,"name":"Shaded","section":"Shading Mode"},"sceneLighting":false,"audioPlay":false,"sceneViewState":{"showFog":true,"showMaterialUpdate":false,"showSkybox":false,"showFlares":true,"showImageEffects":true,"showParticleSystems":true},"in2DMode":false,"pivot":{"x":11.766778945922852,"y":0.6361948251724243,"z":-0.5422000288963318},"rotation":{"x":0.022826988250017167,"y":0.016151614487171174,"z":0.0004817456065211445,"w":0.9999406933784485},"size":13.215106010437012,"orthographic":false}