{"cameraMode":{"drawMode":0,"name":"Shaded","section":"Shading Mode"},"sceneLighting":true,"audioPlay":false,"sceneViewState":{"showFog":true,"showMaterialUpdate":false,"showSkybox":true,"showFlares":true,"showImageEffects":true,"showParticleSystems":true},"in2DMode":false,"pivot":{"x":-50.00571823120117,"y":-15.390070915222168,"z":9.861324310302735},"rotation":{"x":0.12704995274543763,"y":-0.6232365369796753,"z":0.10003499686717987,"w":0.7658193111419678},"size":28.130197525024415,"orthographic":false}