{"cameraMode":{"drawMode":0,"name":"Shaded","section":"Shading Mode"},"sceneLighting":true,"audioPlay":false,"sceneViewState":{"showFog":true,"showMaterialUpdate":false,"showSkybox":true,"showFlares":true,"showImageEffects":true,"showParticleSystems":true},"in2DMode":false,"pivot":{"x":-0.049967288970947269,"y":7.8331146240234379,"z":143.6553497314453},"rotation":{"x":-0.025142384693026544,"y":-0.01912875287234783,"z":-0.0033443039283156397,"w":1.0003156661987305},"size":72.19426727294922,"orthographic":false}