{"cameraMode":{"drawMode":0,"name":"Shaded","section":"Shading Mode"},"sceneLighting":true,"audioPlay":false,"sceneViewState":{"showFog":true,"showMaterialUpdate":false,"showSkybox":true,"showFlares":true,"showImageEffects":true,"showParticleSystems":true},"in2DMode":false,"pivot":{"x":-0.3656911253929138,"y":-61.6331787109375,"z":123.64388275146485},"rotation":{"x":0.2454698085784912,"y":-0.020528653636574746,"z":0.003318960778415203,"w":0.970012903213501},"size":73.97189331054688,"orthographic":false}