{"cameraMode":{"drawMode":0,"name":"Shaded","section":"Shading Mode"},"sceneLighting":true,"audioPlay":false,"sceneViewState":{"showFog":true,"showMaterialUpdate":false,"showSkybox":false,"showFlares":true,"showImageEffects":true,"showParticleSystems":true},"in2DMode":false,"pivot":{"x":3.4632492065429689,"y":9.509119033813477,"z":-1.5323467254638672},"rotation":{"x":0.04501526802778244,"y":0.9498903751373291,"z":-0.16144907474517823,"w":0.2657664120197296},"size":12.12435531616211,"orthographic":false}