{"cameraMode":{"drawMode":0,"name":"Shaded","section":"Shading Mode"},"sceneLighting":true,"audioPlay":false,"sceneViewState":{"showFog":true,"showMaterialUpdate":false,"showSkybox":true,"showFlares":true,"showImageEffects":true,"showParticleSystems":true},"in2DMode":false,"pivot":{"x":10.624130249023438,"y":1.9863618612289429,"z":16.981679916381837},"rotation":{"x":-0.1822623610496521,"y":-0.13302947580814362,"z":0.023889461532235147,"w":-0.9742445945739746},"size":0.30436205863952639,"orthographic":false}