{"cameraMode":{"drawMode":0,"name":"Shaded","section":"Shading Mode"},"sceneLighting":false,"audioPlay":false,"sceneViewState":{"showFog":true,"showMaterialUpdate":false,"showSkybox":false,"showFlares":true,"showImageEffects":true,"showParticleSystems":true},"in2DMode":false,"pivot":{"x":0.1482904553413391,"y":0.1288440227508545,"z":-0.00027441978454589844},"rotation":{"x":0.1527913510799408,"y":0.003868491854518652,"z":-0.000769526872318238,"w":0.9887625575065613},"size":0.9573025703430176,"orthographic":false}