{"cameraMode":{"drawMode":0,"name":"Shaded","section":"Shading Mode"},"sceneLighting":true,"audioPlay":false,"sceneViewState":{"showFog":true,"showMaterialUpdate":false,"showSkybox":true,"showFlares":true,"showImageEffects":true,"showParticleSystems":true},"in2DMode":false,"pivot":{"x":108.79788970947266,"y":-696.2769165039063,"z":-806.4172973632813},"rotation":{"x":-0.020805472508072854,"y":-0.936281144618988,"z":0.3463442921638489,"w":-0.05600114166736603},"size":539.9932250976563,"orthographic":false}