{"cameraMode":{"drawMode":0,"name":"Shaded","section":"Shading Mode"},"sceneLighting":true,"audioPlay":false,"sceneViewState":{"showFog":true,"showMaterialUpdate":false,"showSkybox":true,"showFlares":true,"showImageEffects":true,"showParticleSystems":true},"in2DMode":false,"pivot":{"x":8.242661476135254,"y":-24.365753173828126,"z":-34.077423095703128},"rotation":{"x":-0.0017478023655712605,"y":-0.9739243388175964,"z":0.22793743014335633,"w":-0.02410503476858139},"size":30.224746704101564,"orthographic":false}