{"cameraMode":{"drawMode":0,"name":"Shaded","section":"Shading Mode"},"sceneLighting":true,"audioPlay":false,"sceneViewState":{"showFog":true,"showMaterialUpdate":false,"showSkybox":true,"showFlares":true,"showImageEffects":true,"showParticleSystems":true},"in2DMode":false,"pivot":{"x":15.255581855773926,"y":1.2971199750900269,"z":18.33875274658203},"rotation":{"x":-0.007750335615128279,"y":-0.26584142446517947,"z":0.0012788311578333378,"w":-0.9642314910888672},"size":4.0963921546936039,"orthographic":false}